Region,year,school_fragility_score,school_count,schools_per_1000_children,school_age_pop
Aba North,2024,0.2894531157480875,3.0,1.421093768503825,2111.05
Aba South,2024,0.9213932264543235,1.0,0.15721354709135285,6360.775000000001
Arochukwu,2024,1.0,0.0,0.0,3212.75
Bende,2024,1.0,0.0,0.0,3602.5
Ikwuano,2024,1.0,0.0,0.0,2498.3
Isiala-Ngwa North,2024,1.0,0.0,0.0,2697.25
Isiala-Ngwa South,2024,1.0,0.0,0.0,2240.75
Isiukwuato,2024,0.5499448682463601,2.0,0.9001102635072797,2221.95
Obi Ngwa,2024,1.0,0.0,0.0,3576.275
Ohafia,2024,1.0,0.0,0.0,3284.125
Osisioma Ngwa,2024,1.0,0.0,0.0,3208.4
Ugwunagbo,2024,1.0,0.0,0.0,2454.0
Ukwa East,2024,1.0,0.0,0.0,1480.25
Ukwa West,2024,1.0,0.0,0.0,1787.375
Umuahia North,2024,0.2328170191872464,5.0,1.5343659616255072,3258.675
Umuahia South,2024,1.0,0.0,0.0,2847.425
Umu-Nneochi,2024,1.0,0.0,0.0,2842.45
Demsa,2024,1.0,0.0,0.0,1621.05
Fufore,2024,1.0,0.0,0.0,5335.725
Ganye,2024,1.0,0.0,0.0,3211.675
Gombi,2024,1.0,0.0,0.0,2902.075
Girei,2024,0.8431753848083995,1.0,0.31364923038320097,3188.275
Guyuk,2024,1.0,0.0,0.0,2467.55
Hong,2024,0.7763563984434405,1.0,0.4472872031131189,2235.7
Jada,2024,1.0,0.0,0.0,3884.625
Lamurde,2024,1.0,0.0,0.0,1504.8
Madagali,2024,1.0,0.0,0.0,3118.775
Maiha,2024,1.0,0.0,0.0,2017.125
Mayo-Belwa,2024,1.0,0.0,0.0,1957.8
Michika,2024,0.6908451520655408,2.0,0.6183096958689184,3234.625
Mubi North,2024,1.0,0.0,0.0,3430.3250000000003
Mubi South,2024,0.21049099564980545,5.0,1.579018008700389,3166.525
Numan,2024,1.0,0.0,0.0,1492.1
Shelleng,2024,1.0,0.0,0.0,2811.5
Song,2024,1.0,0.0,0.0,3481.55
Toungo,2024,1.0,0.0,0.0,1060.45
Yola North,2024,0.8280930360488903,1.0,0.3438139279022193,2908.55
Yola South,2024,0.3712603087111884,6.0,1.2574793825776232,4771.45
Abak,2024,1.0,0.0,0.0,2003.55
Eastern Obolo,2024,1.0,0.0,0.0,1039.125
Eket,2024,1.0,0.0,0.0,3008.3999999999996
Esit - Eket,2024,1.0,0.0,0.0,1261.6
Essien Udim,2024,1.0,0.0,0.0,3720.8
Etim Ekpo,2024,1.0,0.0,0.0,2133.075
Etinan,2024,1.0,0.0,0.0,2224.05
Ibeno,2024,1.0,0.0,0.0,2649.6
Ibesikpo Asutan,2024,1.0,0.0,0.0,2653.775
Ibiono Ibom,2024,1.0,0.0,0.0,3801.15
Ika,2024,1.0,0.0,0.0,1317.0
Ikono,2024,1.0,0.0,0.0,1802.1
Ikot Abasi,2024,0.8221874499902203,1.0,0.3556251000195594,2811.95
Ikot Ekpene,2024,0.12242211496270294,4.0,1.7551557700745941,2279.0
Ini,2024,0.0,4.0,2.201067517746107,1817.3
Itu,2024,1.0,0.0,0.0,2077.85
Mbo,2024,1.0,0.0,0.0,2408.775
Mkpat Enin,2024,1.0,0.0,0.0,3483.35
Nsit Atai,2024,1.0,0.0,0.0,1657.65
Nsit Ibom,2024,1.0,0.0,0.0,2232.65
Nsit Ubium,2024,1.0,0.0,0.0,1803.925
Obot Akara,2024,1.0,0.0,0.0,2561.9
Okobo,2024,1.0,0.0,0.0,2117.7
Onna,2024,1.0,0.0,0.0,2779.3
Oron,2024,0.742463848362714,1.0,0.5150723032745722,1941.475
Oruk Anam,2024,0.23314843690089715,6.0,1.5337031261982057,3912.1
Udung Uko,2024,1.0,0.0,0.0,719.9
Ukanafun,2024,1.0,0.0,0.0,1818.05
Uruan,2024,1.0,0.0,0.0,2009.275
Urue-Offong/Oruko,2024,1.0,0.0,0.0,1656.45
Uyo,2024,0.607631566040512,4.0,0.7847368679189759,5097.25
Aguata,2024,1.0,0.0,0.0,5101.95
Anambra East,2024,1.0,0.0,0.0,1415.425
Anambra West,2024,1.0,0.0,0.0,3724.4
Anaocha,2024,0.651883311285943,3.0,0.696233377428114,4308.9
Awka North,2024,1.0,0.0,0.0,1152.8
Awka South,2024,0.0,16.0,5.700340239058019,2806.85
Ayamelum,2024,1.0,0.0,0.0,2570.175
Dunukofia,2024,1.0,0.0,0.0,902.375
Ekwusigo,2024,1.0,0.0,0.0,3701.9500000000003
Idemili North,2024,0.7996072301711354,2.0,0.4007855396577292,4990.2
Idemili South,2024,0.8885964545821671,2.0,0.22280709083566583,8976.375
Ihiala,2024,0.8153644475011886,2.0,0.3692711049976228,5416.075
Njikoka,2024,1.0,0.0,0.0,2582.7999999999997
Nnewi North,2024,0.5247411819686805,3.0,0.9505176360626391,3156.175
Nnewi South,2024,1.0,0.0,0.0,3616.225
Ogbaru,2024,0.9258138223686163,1.0,0.14837235526276746,6739.8
Onitsha North,2024,0.0,3.0,3.5646387832699618,841.6
Onitsha South,2024,1.0,0.0,0.0,1732.1
Orumba North,2024,0.6117635640104824,2.0,0.7764728719790351,2575.75
Orumba South,2024,1.0,0.0,0.0,2232.8
Oyi,2024,0.6826228051383367,2.0,0.6347543897233264,3150.825
Alkaleri,2024,0.9147964487159825,1.0,0.170407102568035,5868.3
Bauchi,2024,0.0,52.0,6.118780832919041,8498.425
Bogoro,2024,1.0,0.0,0.0,1927.375
Damban,2024,1.0,0.0,0.0,2837.25
Darazo,2024,1.0,0.0,0.0,5844.35
Dass,2024,1.0,0.0,0.0,1879.175
Gamawa,2024,1.0,0.0,0.0,5213.65
Ganjuwa,2024,1.0,0.0,0.0,4876.3
Giade,2024,1.0,0.0,0.0,3450.05
Itas/Gadau,2024,1.0,0.0,0.0,4510.15
Jama'are,2024,1.0,0.0,0.0,1363.075
Katagum,2024,0.4809643682038772,4.0,1.0380712635922456,3853.3
Kirfi,2024,0.814033064921057,1.0,0.3719338701578859,2688.65
Misau,2024,1.0,0.0,0.0,4259.35
Ningi,2024,1.0,0.0,0.0,6499.5
Shira,2024,1.0,0.0,0.0,5640.025
Tafawa-Balewa,2024,1.0,0.0,0.0,3778.0
Toro,2024,1.0,0.0,0.0,6037.925
Warji,2024,1.0,0.0,0.0,2185.875
Zaki,2024,1.0,0.0,0.0,3592.775
Brass,2024,1.0,0.0,0.0,1396.025
Ekeremor,2024,1.0,0.0,0.0,4962.475
Kolokuma/Opokuma,2024,1.0,0.0,0.0,1402.625
Nembe,2024,1.0,0.0,0.0,3363.9
Ogbia,2024,0.08677884066573827,6.0,1.8264423186685235,3285.075
Sagbama,2024,0.0,13.0,3.959431060213809,3283.3
Southern Ijaw,2024,0.0,56.0,8.618732661533903,6497.475
Yenegoa,2024,0.0,55.0,8.043405139004665,6837.9
Ado,2024,0.37175077353186003,4.0,1.25649845293628,3183.45
Agatu,2024,0.0,17.0,8.949134697637692,1899.625
Apa,2024,0.0,18.0,10.927800628348535,1647.175
Buruku,2024,1.0,0.0,0.0,2966.975
Gboko,2024,1.0,0.0,0.0,6402.625
Guma,2024,1.0,0.0,0.0,3583.5
Gwer East,2024,0.0,10.0,3.9162701443145553,2553.45
Gwer West,2024,1.0,0.0,0.0,2207.775
Katsina-Ala,2024,1.0,0.0,0.0,4071.575
Konshisha,2024,0.6422950350550864,3.0,0.715409929889827,4193.4
Kwande,2024,0.8705158003094673,1.0,0.25896839938106553,3861.475
Logo,2024,1.0,0.0,0.0,3211.075
Makurdi,2024,0.9055971452576725,1.0,0.1888057094846548,5296.45
Obi,2024,1.0,0.0,0.0,4924.875
Ogbadibo,2024,1.0,0.0,0.0,2405.325
Ohimini,2024,0.6493196801795483,1.0,0.7013606396409033,1425.8
Oju,2024,0.0,24.0,7.707747892412685,3113.75
Okpokwu,2024,0.0,9.0,2.48387208058785,3623.375
Oturkpo,2024,0.6804737509186379,3.0,0.6390524981627241,4694.45
Tarka,2024,1.0,0.0,0.0,1514.75
Ukum,2024,0.03711906022820266,8.0,1.9257618795435947,4154.2
Ushongo,2024,1.0,0.0,0.0,2517.825
Vandeikya,2024,1.0,0.0,0.0,4916.45
Abadam,2024,0.7295908709878045,1.0,0.540818258024391,1849.05
Askira/Uba,2024,1.0,0.0,0.0,2024.725
Bama,2024,0.9095967563316172,1.0,0.18080648733676566,5530.775
Bayo,2024,1.0,0.0,0.0,1547.3500000000001
Biu,2024,0.704080726777735,2.0,0.5918385464445299,3379.3
Chibok,2024,0.6330679191281694,1.0,0.7338641617436612,1362.65
Damboa,2024,1.0,0.0,0.0,3720.375
Dikwa,2024,1.0,0.0,0.0,2169.05
Gubio,2024,1.0,0.0,0.0,2845.05
Guzamala,2024,1.0,0.0,0.0,1462.825
Gwoza,2024,0.7120078333869319,3.0,0.5759843332261363,5208.475
Hawul,2024,0.7785822622250269,1.0,0.4428354755499463,2258.175
Jere,2024,0.6701433556976139,5.0,0.6597132886047723,7579.05
Kaga,2024,1.0,0.0,0.0,1721.275
Kala/Balge,2024,1.0,0.0,0.0,2450.975
Konduga,2024,0.3439880605827026,4.0,1.3120238788345948,3048.725
Kukawa,2024,0.48568930490909556,4.0,1.0286213901818089,3888.7
Kwaya Kusar,2024,1.0,0.0,0.0,1431.75
Mafa,2024,1.0,0.0,0.0,2660.425
Magumeri,2024,1.0,0.0,0.0,2215.35
Maiduguri,2024,0.0,41.0,6.922430786244623,5922.775000000001
Marte,2024,0.7932731068984764,1.0,0.4134537862030472,2418.65
Mobbar,2024,1.0,0.0,0.0,2124.825
Monguno,2024,0.35121808803970556,3.0,1.2975638239205889,2312.025
Ngala,2024,0.36541378194348373,5.0,1.2691724361130325,3939.575
Nganzai,2024,1.0,0.0,0.0,1703.475
Shani,2024,1.0,0.0,0.0,2127.9
Abi,2024,1.0,0.0,0.0,2286.125
Akamkpa,2024,0.0,11.0,4.910604674002812,2240.05
Akpabuyo,2024,1.0,0.0,0.0,3702.45
Bakassi,2024,1.0,0.0,0.0,0.0
Bekwara,2024,1.0,0.0,0.0,1521.7749999999999
Biase,2024,1.0,0.0,0.0,3051.35
Boki,2024,0.0,16.0,4.665437129589806,3429.475
Calabar South,2024,0.7388590752999856,2.0,0.5222818494000288,3829.35
Calabar-Municipal,2024,0.25473939168102855,4.0,1.490521216637943,2683.625
Etung,2024,1.0,0.0,0.0,1426.125
Ikom,2024,0.8231543950553969,1.0,0.35369120988920627,2827.325
Obanliku,2024,1.0,0.0,0.0,1614.925
Obubra,2024,0.0,12.0,4.542443456042396,2641.75
Obudu,2024,0.5003372723411698,3.0,0.9993254553176605,3002.025
Odukpani,2024,1.0,0.0,0.0,5779.525
Ogoja,2024,0.3751854918071197,4.0,1.2496290163857606,3200.95
Yakurr,2024,1.0,0.0,0.0,2872.875
Yala,2024,0.0,22.0,5.89050357111779,3734.825
Aniocha North,2024,1.0,0.0,0.0,1752.9
Aniocha South,2024,0.06600539848879683,5.0,1.8679892030224063,2676.675
Bomadi,2024,1.0,0.0,0.0,1333.475
Burutu,2024,0.40569934329777435,5.0,1.1886013134044513,4206.625
Ethiope East,2024,0.846452672875097,1.0,0.30709465424980614,3256.325
Ethiope West,2024,0.5436984759529098,3.0,0.9126030480941806,3287.3
Ika North East,2024,1.0,0.0,0.0,3247.4
Ika South,2024,1.0,0.0,0.0,2622.4
Isoko North,2024,0.0,14.0,5.810454668077778,2409.45
Isoko South,2024,1.0,0.0,0.0,4455.7
Ndokwa East,2024,0.0,11.0,4.356608182502277,2524.9
Ndokwa West,2024,0.38464063012799465,3.0,1.2307187397440107,2437.6
Okpe,2024,0.0,10.0,3.151690882158278,3172.9
Oshimili North,2024,1.0,0.0,0.0,2640.05
Oshimili South,2024,0.5006242197253433,2.0,0.9987515605493134,2002.5
Patani,2024,1.0,0.0,0.0,1381.375
Sapele,2024,0.687965613810642,2.0,0.624068772378716,3204.775
Udu,2024,0.0,5.0,2.144542140253056,2331.5
Ughelli North,2024,0.3062089958676074,8.0,1.3875820082647852,5765.425
Ughelli South,2024,0.8814955264561237,1.0,0.23700894708775258,4219.25
Ukwuani,2024,0.0,4.0,2.114835571534313,1891.4
Uvwie,2024,0.0,142.0,49.76039668147214,2853.675
Warri North,2024,0.8507117318185551,1.0,0.2985765363628899,3349.225
Warri South,2024,0.0,60.0,9.139653911771875,6564.8
Warri South West,2024,1.0,0.0,0.0,2788.225
Abakaliki,2024,0.0,6.0,2.5913728877611617,2315.375
Afikpo North,2024,0.09400594332101186,5.0,1.8119881133579763,2759.4
Afikpo South,2024,1.0,0.0,0.0,3225.025
Ebonyi,2024,1.0,0.0,0.0,2188.0
Ezza North,2024,1.0,0.0,0.0,3093.825
Ezza South,2024,1.0,0.0,0.0,1489.775
Ikwo,2024,0.35932002498651905,6.0,1.281359950026962,4682.525
Ishielu,2024,1.0,0.0,0.0,2090.75
Ivo,2024,1.0,0.0,0.0,2240.225
Izzi,2024,1.0,0.0,0.0,4020.5
Ohaozara,2024,1.0,0.0,0.0,2633.85
Ohaukwu,2024,1.0,0.0,0.0,3539.475
Onicha,2024,1.0,0.0,0.0,4194.85
Akoko-Edo,2024,0.7561966680211296,3.0,0.48760666395774077,6152.5
Egor,2024,0.0,67.0,14.818173273102248,4521.475
Esan Central,2024,1.0,0.0,0.0,2109.375
Esan North East,2024,0.0,4.0,2.42031857443236,1652.675
Esan South East,2024,0.8377202946999448,1.0,0.3245594106001104,3081.1
Esan West,2024,1.0,0.0,0.0,2268.3
Etsako Central,2024,0.7024562238719372,1.0,0.5950875522561256,1680.425
Etsako East,2024,1.0,0.0,0.0,2591.075
Etsako West,2024,0.0,29.0,8.496674577363686,3413.1
Igueben,2024,1.0,0.0,0.0,1119.125
Ikpoba-Okha,2024,0.5405383053214853,5.0,0.9189233893570294,5441.15
Oredo,2024,0.0,181.0,23.063421222807303,7847.925
Orhionmwon,2024,1.0,0.0,0.0,4105.225
Ovia North East,2024,0.0,17.0,4.727442106214501,3596.025
Ovia South West,2024,0.0,22.0,9.560437172717988,2301.15
Owan East,2024,0.81318712112013,1.0,0.37362575775973994,2676.475
Owan West,2024,0.164717674574006,3.0,1.670564650851988,1795.8
Uhunmwonde,2024,0.7261511919269372,1.0,0.5476976161461257,1825.825
Ado Ekiti,2024,0.7546584231896858,3.0,0.4906831536206283,6113.925
Aiyekire (Gbonyin),2024,1.0,0.0,0.0,2877.65
Efon,2024,1.0,0.0,0.0,1574.875
Ekiti East,2024,1.0,0.0,0.0,2934.4500000000003
Ekiti South West,2024,1.0,0.0,0.0,2986.85
Ekiti West,2024,1.0,0.0,0.0,3791.5
Emure,2024,1.0,0.0,0.0,1504.9
Ido-Osi,2024,0.7980593503569301,1.0,0.4038812992861398,2475.975
Ijero,2024,1.0,0.0,0.0,4011.15
Ikere,2024,1.0,0.0,0.0,2426.0750000000003
Ikole,2024,1.0,0.0,0.0,3088.325
Ilejemeji,2024,1.0,0.0,0.0,545.75
Irepodun/Ifelodun,2024,1.0,0.0,0.0,1854.45
Ise/Orun,2024,0.0,7.0,3.136025088200706,2232.125
Moba,2024,1.0,0.0,0.0,2636.2
Oye,2024,1.0,0.0,0.0,2364.45
Aninri,2024,1.0,0.0,0.0,2337.825
Awgu,2024,1.0,0.0,0.0,3586.5750000000003
Enugu East,2024,0.0,21.0,2.9786072174489644,7050.275000000001
Enugu North,2024,0.0,46.0,138.763197586727,331.5
Enugu South,2024,0.0,16.0,3.76291296499903,4252.025
Ezeagu,2024,1.0,0.0,0.0,3109.1
Igbo-Etiti,2024,1.0,0.0,0.0,3358.95
Igbo-Eze North,2024,0.864011259867683,1.0,0.2719774802646341,3676.775
Igbo-Eze South,2024,1.0,0.0,0.0,2912.55
Isi-Uzo,2024,1.0,0.0,0.0,2477.125
Nkanu East,2024,0.7749521773376843,1.0,0.4500956453246315,2221.75
Nkanu West,2024,0.16011380457947955,4.0,1.679772390841041,2381.275
Nsukka,2024,0.6459378001230367,4.0,0.7081243997539267,5648.725
Oji-River,2024,1.0,0.0,0.0,2648.0
Udenu,2024,1.0,0.0,0.0,2716.4
Udi,2024,1.0,0.0,0.0,4540.975
Uzo-Uwani,2024,1.0,0.0,0.0,2292.175
Abaji,2024,1.0,0.0,0.0,2237.3
Abuja Municipal,2024,0.0,73.0,2.469461555896093,29561.1
Bwari,2024,0.0,15.0,2.0041686708353375,7484.4
Gwagwalada,2024,0.7748223207374569,4.0,0.4503553585250862,8881.875
Kuje,2024,0.0,17.0,4.1671262761824215,4079.55
Kwali,2024,0.2443182175985693,6.0,1.5113635648028614,3969.925
Akko,2024,0.27874646134982606,6.0,1.4425070773003479,4159.425
Balanga,2024,1.0,0.0,0.0,3496.975
Billiri,2024,0.6909430871695023,2.0,0.6181138256609955,3235.65
Dukku,2024,1.0,0.0,0.0,3892.225
Funakaye,2024,0.6276344860114689,3.0,0.7447310279770624,4028.3
Gombe,2024,0.0,100.0,55.71651437486071,1794.8
Kaltungo,2024,0.25833629998813334,5.0,1.4833274000237333,3370.8
Kwami,2024,1.0,0.0,0.0,3827.5
Nafada,2024,1.0,0.0,0.0,2128.675
Shomgom,2024,1.0,0.0,0.0,1957.95
Yamaltu/Deba,2024,0.72874441213489,5.0,0.54251117573022,9216.4
Aboh-Mbaise,2024,0.6178441313597105,3.0,0.7643117372805789,3925.1
Ahiazu-Mbaise,2024,0.0,5.0,2.2651082721754103,2207.3999999999996
Ehime-Mbano,2024,1.0,0.0,0.0,2785.825
Ezinihitte,2024,1.0,0.0,0.0,4206.8
Ideato North,2024,0.0,7.0,2.052861175263023,3409.875
Ideato South,2024,1.0,0.0,0.0,2082.1
Ihitte/Uboma,2024,0.572466866182129,2.0,0.8550662676357418,2339.0
Ikeduru,2024,1.0,0.0,0.0,2883.4249999999997
Isiala Mbano,2024,1.0,0.0,0.0,3357.6
Isu,2024,1.0,0.0,0.0,3420.6499999999996
Mbaitoli,2024,1.0,0.0,0.0,4700.825
Ngor-Okpala,2024,1.0,0.0,0.0,2514.7
Njaba,2024,0.7464728028699279,1.0,0.5070543942601442,1972.175
Nkwerre,2024,1.0,0.0,0.0,1997.05
Nwangele,2024,1.0,0.0,0.0,1799.575
Obowo,2024,1.0,0.0,0.0,2839.1
Oguta,2024,1.0,0.0,0.0,2266.875
Ohaji/Egbema,2024,0.0,18.0,6.723128495793375,2677.3250000000003
Okigwe,2024,0.0,10.0,3.9052203032403563,2560.675
Orlu,2024,1.0,0.0,0.0,2636.975
Orsu,2024,1.0,0.0,0.0,1179.125
Oru East,2024,1.0,0.0,0.0,1640.675
Oru West,2024,0.4430132980575089,2.0,1.1139734038849822,1795.375
Owerri North,2024,0.7019995827994159,2.0,0.5960008344011682,3355.7
Owerri West,2024,0.0,8.0,4.375230725057767,1828.475
Owerri-Municipal,2024,0.0,11.0,4.483893650195152,2453.225
Unuimo,2024,1.0,0.0,0.0,2623.9
Auyo,2024,1.0,0.0,0.0,2640.425
Babura,2024,0.0,9.0,2.4910219417516037,3612.975
Biriniwa,2024,0.16647565066994519,4.0,1.6670486986601096,2399.45
Birni Kudu,2024,0.0,26.0,4.940171670965566,5262.975
Buji,2024,1.0,0.0,0.0,1522.975
Dutse,2024,0.3030225588365124,6.0,1.3939548823269752,4304.3
Gagarawa,2024,1.0,0.0,0.0,1078.25
Garki,2024,0.0,20.0,7.395082270290257,2704.5
Gumel,2024,1.0,0.0,0.0,1918.875
Guri,2024,0.0,9.0,4.359778620130068,2064.325
Gwaram,2024,0.0,11.0,2.339952562779864,4700.95
Gwiwa,2024,1.0,0.0,0.0,1500.375
Hadejia,2024,1.0,0.0,0.0,2089.15
Jahun,2024,0.0,22.0,5.098021040923206,4315.4
Kafin Hausa,2024,0.8974958229547854,1.0,0.20500835409042917,4877.85
Kaugama,2024,1.0,0.0,0.0,1914.375
Kazaure,2024,1.0,0.0,0.0,2283.7999999999997
Kiri Kasamma,2024,0.8281432597786486,1.0,0.34371348044270295,2909.4
Kiyawa,2024,0.0,9.0,3.3588042656814174,2679.525
Maigatari,2024,1.0,0.0,0.0,2104.475
Malam Madori,2024,1.0,0.0,0.0,2414.525
Miga,2024,1.0,0.0,0.0,1931.125
Ringim,2024,0.0,11.0,3.18798997232245,3450.4500000000003
Roni,2024,1.0,0.0,0.0,1959.8500000000001
Sule-Tankarkar,2024,0.0,25.0,13.802241484017005,1811.3
Taura,2024,0.0,5.0,2.2917382834880256,2181.75
Yankwashi,2024,1.0,0.0,0.0,1183.6
Birnin-Gwari,2024,1.0,0.0,0.0,5075.3
Chikun,2024,0.8845025524935899,3.0,0.23099489501282022,12987.3
Giwa,2024,1.0,0.0,0.0,5154.375
Igabi,2024,0.0,44.0,5.5462592687131105,7933.275
Ikara,2024,0.7339346410445726,2.0,0.5321307179108549,3758.475
Jaba,2024,1.0,0.0,0.0,2288.85
Jema'a,2024,0.4772116560889158,5.0,1.0455766878221684,4782.05
Kachia,2024,0.4708126729781076,5.0,1.0583746540437848,4724.225
Kaduna North,2024,0.0,26.0,5.329124691269458,4878.85
Kaduna South,2024,0.0,9.0,5.797474877608864,1552.4
Kagarko,2024,0.14863426747073438,6.0,1.7027314650585312,3523.75
Kajuru,2024,1.0,0.0,0.0,4280.325
Kaura,2024,1.0,0.0,0.0,3108.275
Kauru,2024,1.0,0.0,0.0,2442.375
Kubau,2024,0.9008826400899985,1.0,0.1982347198200029,5044.525
Kudan,2024,1.0,0.0,0.0,2285.225
Lere,2024,1.0,0.0,0.0,6110.75
Markafi,2024,1.0,0.0,0.0,3359.6
Sabon-Gari,2024,0.0,9.0,2.261192904879152,3980.2
Sanga,2024,0.8621165115477422,1.0,0.2757669769045157,3626.25
Soba,2024,1.0,0.0,0.0,5306.575
Zango-Kataf,2024,1.0,0.0,0.0,4419.475
Zaria,2024,0.8267513275179529,3.0,0.3464973449640943,8658.074999999999
Ajingi,2024,1.0,0.0,0.0,2995.725
Albasu,2024,1.0,0.0,0.0,3128.65
Bagwai,2024,1.0,0.0,0.0,3497.775
Bebeji,2024,1.0,0.0,0.0,3681.325
Bichi,2024,1.0,0.0,0.0,4697.725
Bunkure,2024,1.0,0.0,0.0,2844.025
Dala,2024,0.5593306232166662,4.0,0.8813387535666678,4538.55
Dambatta,2024,0.0,14.0,3.3230082719170198,4213.05
Dawakin Kudu,2024,1.0,0.0,0.0,4003.75
Dawakin Tofa,2024,0.7561124321687702,2.0,0.4877751356624596,4100.25
Doguwa,2024,1.0,0.0,0.0,2547.45
Fagge,2024,0.0,15.0,5.503779261759742,2725.4
Gabasawa,2024,0.7020950167943935,2.0,0.5958099664112131,3356.775
Garko,2024,1.0,0.0,0.0,2653.375
Garum Mallam,2024,1.0,0.0,0.0,2251.625
Gaya,2024,1.0,0.0,0.0,2860.275
Gezawa,2024,1.0,0.0,0.0,3930.7000000000003
Gwale,2024,0.0,55.0,3.648491100169323,15074.725
Gwarzo,2024,1.0,0.0,0.0,3301.075
Kabo,2024,1.0,0.0,0.0,3377.825
Kano Municipal,2024,0.7850294509652178,3.0,0.4299410980695645,6977.7
Karaye,2024,1.0,0.0,0.0,3450.725
Kibiya,2024,0.49813893187236,3.0,1.00372213625528,2988.875
Kiru,2024,0.0,16.0,2.8890122737880817,5538.225
Kumbotso,2024,0.0,34.0,3.2668120718314326,10407.7
Kunchi,2024,1.0,0.0,0.0,1853.625
Kura,2024,0.796176266764502,1.0,0.40764746647099587,2453.1
Madobi,2024,1.0,0.0,0.0,3414.925
Makoda,2024,1.0,0.0,0.0,3484.25
Minjibir,2024,0.8750960199346752,1.0,0.24980796013064957,4003.075
Nasarawa,2024,0.0,23.0,3.351475013296613,6862.65
Rano,2024,0.21551399523032522,5.0,1.5689720095393496,3186.8
Rimin Gado,2024,1.0,0.0,0.0,2431.1749999999997
Rogo,2024,0.8677353649181282,1.0,0.2645292701637436,3780.3
Shanono,2024,1.0,0.0,0.0,1939.9
Sumaila,2024,0.0,20.0,3.9285012767629146,5091.0
Takai,2024,1.0,0.0,0.0,3295.325
Tarauni,2024,0.0,20.0,12.10763689196961,1651.85
Tofa,2024,1.0,0.0,0.0,1888.65
Tsanyawa,2024,1.0,0.0,0.0,3394.475
Tudun Wada,2024,0.0,19.0,3.8928842174278278,4880.7
Ungogo,2024,0.0,133.0,14.959031374600015,8890.95
Warawa,2024,1.0,0.0,0.0,1792.025
Wudil,2024,0.8789309603801568,1.0,0.24213807923968642,4129.875
Bakori,2024,1.0,0.0,0.0,3209.375
Batagarawa,2024,0.7506840606087049,2.0,0.49863187878259024,4010.975
Batsari,2024,1.0,0.0,0.0,3759.45
Baure,2024,1.0,0.0,0.0,3678.575
Bindawa,2024,1.0,0.0,0.0,2647.775
Charanchi,2024,1.0,0.0,0.0,2447.425
Dan Musa,2024,1.0,0.0,0.0,2197.15
Dandume,2024,1.0,0.0,0.0,2634.275
Danja,2024,1.0,0.0,0.0,2301.675
Daura,2024,1.0,0.0,0.0,3486.65
Dutsi,2024,1.0,0.0,0.0,2393.225
Dutsin-Ma,2024,0.8560415751930842,1.0,0.2879168496138315,3473.225
Faskari,2024,1.0,0.0,0.0,3404.7
Funtua,2024,1.0,0.0,0.0,3528.8500000000004
Ingawa,2024,1.0,0.0,0.0,3103.975
Jibia,2024,1.0,0.0,0.0,2579.725
Kafur,2024,1.0,0.0,0.0,3733.45
Kaita,2024,1.0,0.0,0.0,2539.0
Kankara,2024,1.0,0.0,0.0,4139.35
Kankia,2024,0.43604782314459734,3.0,1.1279043537108053,2659.8
Katsina,2024,0.0,12.0,2.204747556404792,5442.8
Kurfi,2024,1.0,0.0,0.0,2289.25
Kusada,2024,1.0,0.0,0.0,1874.875
Mai'adua,2024,1.0,0.0,0.0,3509.7999999999997
Malumfashi,2024,1.0,0.0,0.0,3666.275
Mani,2024,1.0,0.0,0.0,3007.8
Mashi,2024,1.0,0.0,0.0,3168.25
Matazu,2024,1.0,0.0,0.0,1808.15
Musawa,2024,1.0,0.0,0.0,2825.65
Rimi,2024,0.8177510479314745,1.0,0.3644979041370512,2743.5
Sabuwa,2024,1.0,0.0,0.0,2629.6
Safana,2024,1.0,0.0,0.0,3210.275
Sandamu,2024,0.8353299575974641,1.0,0.3293400848050718,3036.375
Zango,2024,1.0,0.0,0.0,1936.475
Aleiro,2024,0.0,4.0,4.158976891684646,961.775
Arewa-Dandi,2024,1.0,0.0,0.0,2737.225
Argungu,2024,1.0,0.0,0.0,3023.9
Augie,2024,1.0,0.0,0.0,1091.375
Bagudo,2024,0.8927654189923167,1.0,0.2144691620153667,4662.675
Birnin Kebbi,2024,0.8798452406699829,1.0,0.24030951866003414,4161.3
Bunza,2024,1.0,0.0,0.0,2279.375
Dandi,2024,1.0,0.0,0.0,2014.4
Fakai,2024,1.0,0.0,0.0,2225.075
Gwandu,2024,0.6016848729872639,2.0,0.7966302540254723,2510.575
Jega,2024,0.5099060244801941,4.0,0.9801879510396119,4080.85
Kalgo,2024,1.0,0.0,0.0,1340.225
Koko/Besse,2024,1.0,0.0,0.0,2464.15
Maiyama,2024,0.8272615777927484,1.0,0.3454768444145031,2894.55
Ngaski,2024,1.0,0.0,0.0,3286.65
Sakaba,2024,1.0,0.0,0.0,1692.625
Shanga,2024,1.0,0.0,0.0,3685.3
Suru,2024,1.0,0.0,0.0,3077.9
Wasagu/Danko,2024,1.0,0.0,0.0,5150.625
Yauri,2024,1.0,0.0,0.0,765.25
Zuru,2024,1.0,0.0,0.0,3188.375
Adavi,2024,0.7230281334173481,2.0,0.5539437331653038,3610.475
Ajaokuta,2024,0.0,11.0,4.069364161849711,2703.125
Ankpa,2024,0.5405573039902598,4.0,0.9188853920194803,4353.1
Bassa,2024,0.14791003634163702,10.0,1.704179927316726,5867.925
Dekina,2024,0.0,18.0,4.061715510676106,4431.625
Ibaji,2024,0.0,10.0,4.400343226771688,2272.55
Idah,2024,1.0,0.0,0.0,2084.9500000000003
Igalamela-Odolu,2024,0.6509994503241343,2.0,0.6980010993517315,2865.325
Ijumu,2024,0.818032936038577,1.0,0.36393412792284596,2747.75
Kabba/Bunu,2024,1.0,0.0,0.0,2215.2
Kogi,2024,1.0,0.0,0.0,2021.75
Lokoja,2024,0.0,14.0,4.083745961831561,3428.225
Mopa-Muro,2024,1.0,0.0,0.0,587.325
Ofu,2024,0.4173470353888844,4.0,1.1653059292222312,3432.575
Ogori/Magongo,2024,1.0,0.0,0.0,1282.3
Okehi,2024,0.574241617881852,2.0,0.851516764236296,2348.75
Okene,2024,1.0,0.0,0.0,5001.5
Olamabolo,2024,0.316473000683527,3.0,1.367053998632946,2194.5
Omala,2024,0.15767011553958243,3.0,1.6846597689208351,1780.775
Yagba East,2024,0.5613506014979877,2.0,0.8772987970040246,2279.725
Yagba West,2024,1.0,0.0,0.0,2462.9
Asa,2024,0.69246382605754,1.0,0.6150723478849199,1625.825
Baruten,2024,0.0,52.0,14.82621959912183,3507.3
Edu,2024,0.5807215781639798,3.0,0.8385568436720404,3577.575
Ekiti,2024,1.0,0.0,0.0,1094.825
Ifelodun,2024,0.10244270218600082,10.0,1.7951145956279984,5570.675
Ilorin East,2024,0.10311603116031165,7.0,1.7937679376793767,3902.4
Ilorin South,2024,0.0,36.0,5.897409644722023,6104.375
Ilorin West,2024,0.0,20.0,5.525243456039782,3619.75
Irepodun,2024,0.4345756961786741,3.0,1.1308486076426518,2652.875
Isin,2024,1.0,0.0,0.0,921.625
Kaiama,2024,1.0,0.0,0.0,2174.125
Moro,2024,0.7430692942113513,1.0,0.5138614115772976,1946.05
Offa,2024,1.0,0.0,0.0,1238.1
Oke-Ero,2024,1.0,0.0,0.0,937.975
Oyun,2024,0.4343811422672832,2.0,1.1312377154654336,1767.975
Pategi,2024,1.0,0.0,0.0,2158.6
Agege,2024,0.17966987571998605,14.0,1.640660248560028,8533.15
Ajeromi-Ifelodun,2024,1.0,11.0,0.0,0.0
Alimosho,2024,0.09227825191316263,49.0,1.8154434961736747,26990.65
Amuwo-Odofin,2024,0.5818156727122181,15.0,0.8363686545755639,17934.675
Apapa,2024,1.0,0.0,0.0,6501.875
Badagry,2024,0.6247161916199125,3.0,0.7505676167601749,3996.975
Epe,2024,0.652437858785502,3.0,0.695124282428996,4315.775
Eti-Osa,2024,0.0,56.0,6.607357764825259,8475.4
Ibeju/Lekki,2024,0.0,6.0,3.4489696203259275,1739.65
Ifako-Ijaye,2024,0.3097259612065991,8.0,1.3805480775868018,5794.8
Ikeja,2024,0.06775359691737182,18.0,1.8644928061652564,9654.1
Ikorodu,2024,0.0,75.0,6.622633512291608,11324.8
Kosofe,2024,0.0,51.0,3.9083155160125984,13049.1
Lagos Island,2024,1.0,2.0,0.0,0.0
Lagos Mainland,2024,0.0,30.0,6.635810149471624,4520.925
Mushin,2024,0.6058445372023633,10.0,0.7883109255952733,12685.35
Ojo,2024,0.03859095890937747,20.0,1.922818082181245,10401.4
Oshodi-Isolo,2024,0.0,36.0,3.038231074352266,11849.0
Shomolu,2024,1.0,12.0,0.0,0.0
Surulere,2024,0.25260281071169666,15.0,1.4947943785766067,10034.825
Akwanga,2024,1.0,0.0,0.0,1559.475
Awe,2024,0.0,8.0,3.7465900176792215,2135.275
Doma,2024,0.0,20.0,8.347071221385196,2396.05
Karu,2024,0.0,31.0,8.164286513783818,3797.025
Keana,2024,1.0,0.0,0.0,1457.8
Keffi,2024,0.6756143054091315,1.0,0.6487713891817372,1541.375
Kokona,2024,0.0,16.0,7.499326232408807,2133.525
Lafia,2024,0.0,25.0,4.591178509611631,5445.225
Nasarawa,2024,0.0,23.0,3.351475013296613,6862.65
Nasarawa-Eggon,2024,1.0,0.0,0.0,3039.25
Obi,2024,1.0,0.0,0.0,4924.875
Toto,2024,0.7918726260471409,1.0,0.41625474790571826,2402.375
Wamba,2024,1.0,0.0,0.0,1293.725
Agaie,2024,1.0,0.0,0.0,2206.15
Agwara,2024,0.5194848877997212,1.0,0.9610302244005575,1040.55
Bida,2024,0.7632547733756317,1.0,0.47349045324873645,2111.975
Borgu,2024,0.4756539578294696,4.0,1.0486920843410608,3814.275
Bosso,2024,0.2924236259751287,4.0,1.4151527480497426,2826.55
Chanchaga,2024,0.16575711018262962,6.0,1.6684857796347408,3596.075
Edati,2024,1.0,0.0,0.0,3060.3
Gbako,2024,1.0,0.0,0.0,2107.0
Gurara,2024,1.0,0.0,0.0,3264.8
Katcha,2024,0.7905978431577845,1.0,0.41880431368443094,2387.75
Kontagora,2024,1.0,0.0,0.0,2604.725
Lapai,2024,0.8103258601722241,1.0,0.3793482796555518,2636.1
Lavun,2024,1.0,0.0,0.0,1397.85
Magama,2024,0.48507357011367,4.0,1.02985285977266,3884.05
Mariga,2024,0.7355564223428379,2.0,0.5288871553143242,3781.525
Mashegu,2024,1.0,0.0,0.0,4291.475
Mokwa,2024,1.0,0.0,0.0,8585.95
Muya,2024,1.0,0.0,0.0,1912.35
Paikoro,2024,1.0,0.0,0.0,2890.075
Rafi,2024,1.0,0.0,0.0,3554.9
Rijau,2024,1.0,0.0,0.0,3336.875
Shiroro,2024,1.0,0.0,0.0,4740.975
Suleja,2024,0.8541189514070227,1.0,0.2917620971859546,3427.45
Tafa,2024,0.0,4.0,2.0397236174498357,1961.05
Wushishi,2024,1.0,0.0,0.0,1520.825
Abeokuta North,2024,1.0,0.0,0.0,4916.85
Abeokuta South,2024,0.0,8.0,2.886367326321866,2771.65
Ado-Odo/Ota,2024,0.0,160.0,10.383761095616594,15408.675
Egbado North,2024,1.0,0.0,0.0,3027.075
Egbado South,2024,0.6893228013763,2.0,0.6213543972474,3218.775
Ewekoro,2024,1.0,0.0,0.0,1308.85
Ifo,2024,0.0,117.0,8.36184639574046,13992.125
Ijebu East,2024,0.0,24.0,11.64073773175375,2061.725
Ijebu North,2024,0.9010194991586657,1.0,0.19796100168266853,5051.5
Ijebu North East,2024,1.0,0.0,0.0,2155.175
Ijebu Ode,2024,0.0,44.0,36.56535017555523,1203.325
Ikenne,2024,0.0,6.0,2.9204896687677966,2054.4500000000003
Imeko-Afon,2024,1.0,0.0,0.0,1988.35
Ipokia,2024,0.0,7.0,2.2986241092831574,3045.3
Obafemi-Owode,2024,0.5751167101286865,4.0,0.8497665797426269,4707.175
Odeda,2024,0.13011708624019203,5.0,1.739765827519616,2873.95
Odogbolu,2024,0.14821124361158433,5.0,1.7035775127768313,2935.0
Ogun waterside,2024,1.0,0.0,0.0,1594.175
Remo North,2024,1.0,0.0,0.0,1086.1
Shagamu,2024,0.0,67.0,15.151686473162293,4421.95
Akoko North East,2024,0.4106495624073001,3.0,1.1787008751853998,2545.175
Akoko North West,2024,1.0,0.0,0.0,4050.35
Akoko South East,2024,1.0,0.0,0.0,1060.75
Akoko South West,2024,0.8745145280805114,1.0,0.25097094383897706,3984.525
Akure North,2024,0.5485938699047533,2.0,0.9028122601904933,2215.3
Akure South,2024,0.0,42.0,6.911304920190884,6077.0
Ese-Odo,2024,1.0,0.0,0.0,2995.65
Idanre,2024,0.0,8.0,3.0492743679902428,2623.575
Ifedore,2024,1.0,0.0,0.0,3710.5
Ilaje,2024,1.0,0.0,0.0,4120.45
Ile-Oluji-Okeigbo,2024,0.0,15.0,4.786597526924611,3133.75
Irele,2024,0.0,8.0,3.097053927451512,2583.1
Odigbo,2024,0.0,23.0,5.287508261731659,4349.875
Okitipupa,2024,1.0,0.0,0.0,4265.15
Ondo East,2024,1.0,0.0,0.0,2118.25
Ondo West,2024,0.0,11.0,2.036499627413136,5401.425
Ose,2024,1.0,0.0,0.0,2273.55
Owo,2024,1.0,0.0,0.0,4454.05
Aiyedade,2024,1.0,0.0,0.0,2127.375
Aiyedire,2024,1.0,0.0,0.0,1700.025
Atakumosa East,2024,1.0,0.0,0.0,965.8
Atakumosa West,2024,1.0,0.0,0.0,1539.625
Boluwaduro,2024,0.5515493968339388,1.0,0.8969012063321224,1114.95
Boripe,2024,0.8202683393693216,1.0,0.35946332126135677,2781.925
Ede North,2024,0.0,5.0,2.594302910807866,1927.3
Ede South,2024,0.6163216759069197,1.0,0.7673566481861608,1303.175
Egbedore,2024,0.0,11.0,4.051751922280031,2714.875
Ejigbo,2024,0.0,20.0,9.615500186300315,2079.975
Ife Central,2024,0.0,8.0,10.366051182377712,771.75
Ife East,2024,1.0,0.0,0.0,4741.625
Ife North,2024,0.7417655489418844,1.0,0.5164689021162313,1936.225
Ife South,2024,0.8933105729222234,1.0,0.2133788541555532,4686.5
Ifedayo,2024,1.0,0.0,0.0,629.225
Ifelodun,2024,0.10244270218600082,10.0,1.7951145956279984,5570.675
Ila,2024,1.0,0.0,0.0,1064.225
Ilesha East,2024,1.0,0.0,0.0,2134.775
Ilesha West,2024,1.0,0.0,0.0,1199.6
Irepodun,2024,0.4345756961786741,3.0,1.1308486076426518,2652.875
Irewole,2024,1.0,0.0,0.0,1453.7250000000001
Isokan,2024,0.8364877570208069,1.0,0.3270244859583861,3057.875
Iwo,2024,0.0,18.0,5.856563010924117,3073.475
Obokun,2024,1.0,0.0,0.0,2704.2
Odo-Otin,2024,0.8067875532541806,1.0,0.3864248934916388,2587.825
Ola-oluwa,2024,1.0,0.0,0.0,1323.0
Olorunda,2024,1.0,0.0,0.0,1397.15
Oriade,2024,0.7974457914299314,1.0,0.4051084171401372,2468.475
Orolu,2024,1.0,0.0,0.0,2476.95
Osogbo,2024,0.23076183424840624,4.0,1.5384763315031875,2599.9750000000004
Afijio,2024,1.0,0.0,0.0,2392.65
Akinyele,2024,0.0,10.0,3.023408742186378,3307.525
Atiba,2024,0.7834677637633303,2.0,0.4330644724733395,4618.25
Atigbo,2024,0.0,9.0,2.4474478557637394,3677.3
Egbeda,2024,0.5387973885683245,9.0,0.922405222863351,9757.099999999999
Ibadan North,2024,0.0,29.0,4.055419403783427,7150.924999999999
Ibadan North East,2024,1.0,3.0,0.0,0.0
Ibadan North West,2024,1.0,8.0,0.0,0.0
Ibadan South East,2024,0.4935144525650961,5.0,1.0129710948698079,4935.975
Ibadan South West,2024,0.0,9.0,2.04233302509233,4406.725
Ibarapa Central,2024,1.0,0.0,0.0,2309.175
Ibarapa East,2024,1.0,0.0,0.0,2059.875
Ibarapa North,2024,0.0,5.0,3.5537865595792315,1406.95
Ido,2024,0.05225622253023898,4.0,1.895487554939522,2110.275
Irepo,2024,1.0,0.0,0.0,2070.6
Iseyin,2024,0.8057158399875658,2.0,0.38856832002486835,5147.1
Itesiwaju,2024,0.36933054437285173,3.0,1.2613389112542965,2378.425
Iwajowa,2024,0.0,11.0,6.030288494483656,1824.125
Kajola,2024,0.5995621879922048,3.0,0.8008756240155903,3745.9
Lagelu,2024,0.3460633010724562,5.0,1.3078733978550876,3823.0
Ogbomosho North,2024,0.0,22.0,8.953917847803746,2457.025
Ogbomosho South,2024,1.0,1.0,0.0,0.0
Ogo Oluwa,2024,1.0,0.0,0.0,2757.225
Olorunsogo,2024,0.6545649245224361,1.0,0.6908701509551279,1447.45
Oluyole,2024,0.9401276478547737,1.0,0.11974470429045275,8351.1
Ona-Ara,2024,1.0,0.0,0.0,3221.2
Orelope,2024,1.0,0.0,0.0,1961.25
Ori Ire,2024,0.0,41.0,13.913515623011596,2946.775
Oyo East,2024,0.6928039321096691,1.0,0.614392135780662,1627.625
Oyo West,2024,0.6426401743915949,1.0,0.7147196512168101,1399.15
Saki East,2024,0.6341284940728815,1.0,0.7317430118542368,1366.6
Saki West,2024,0.0,11.0,3.047977943723244,3608.95
Surulere,2024,0.25260281071169666,15.0,1.4947943785766067,10034.825
Barikin Ladi,2024,0.0,20.0,5.9815767436296206,3343.6
Bassa,2024,0.14791003634163702,10.0,1.704179927316726,5867.925
Bokkos,2024,0.44569547895375017,4.0,1.1086090420924997,3608.125
Jos East,2024,1.0,0.0,0.0,1526.375
Jos North,2024,0.0,76.0,14.342328741271936,5299.0
Jos South,2024,0.0,21.0,2.683671774162631,7825.099999999999
Kanam,2024,0.0,16.0,5.890582431337899,2716.2
Kanke,2024,0.7026110747635759,1.0,0.5947778504728484,1681.3
Langtang North,2024,0.0,9.0,4.115038178409766,2187.1
Langtang South,2024,1.0,0.0,0.0,1494.4
Mangu,2024,0.0,15.0,2.9037409863040216,5165.75
Mikang,2024,1.0,0.0,0.0,1663.1
Pankshin,2024,0.8403359331965544,1.0,0.3193281336068911,3131.575
Qua'an Pan,2024,0.0,8.0,2.157526395987001,3707.95
Riyom,2024,1.0,0.0,0.0,2653.575
Shendam,2024,1.0,0.0,0.0,4148.75
Wase,2024,1.0,0.0,0.0,2081.25
Abua/Odual,2024,0.0,12.0,2.479338842975207,4840.0
Ahoada East,2024,1.0,0.0,0.0,2906.5
Ahoada West,2024,0.0,12.0,2.7335630285600385,4389.875
Akuku Toru,2024,1.0,0.0,0.0,5654.8
Andoni,2024,0.48102362899417184,5.0,1.0379527420116563,4817.175
Asari-Toru,2024,0.672857832192425,2.0,0.65428433561515,3056.775
Bonny,2024,0.41188578822007227,5.0,1.1762284235598555,4250.875
Degema,2024,0.9364680021092623,1.0,0.12706399578147534,7870.05
Eleme,2024,0.6644783197074251,3.0,0.6710433605851498,4470.65
Emohua,2024,0.6254401078732489,3.0,0.7491197842535022,4004.7
Etche,2024,0.9128308613618434,1.0,0.17433827727631307,5735.975
Gokana,2024,0.5495749113225606,4.0,0.9008501773548787,4440.25
Ikwerre,2024,0.0,9.0,2.6634310911189374,3379.1
Khana,2024,0.0,19.0,2.8617259219652524,6639.35
Obia/Akpor,2024,0.0,68.0,9.115709182066183,7459.65
Ogba/Egbema/Ndoni,2024,0.5665103213892477,5.0,0.8669793572215044,5767.150000000001
Ogu/Bolo,2024,0.7323913508884607,1.0,0.5352172982230785,1868.4
Okrika,2024,0.4106922524447064,8.0,1.1786154951105872,6787.625
Omumma,2024,1.0,0.0,0.0,971.075
Opobo/Nkoro,2024,0.0,7.0,3.557633665379142,1967.6
Oyigbo,2024,0.0,3.0,2.3043244488824026,1301.9
Port-Harcourt,2024,0.0,26.0,3.3554556805606195,7748.575
Tai,2024,0.0,17.0,7.498318391831242,2267.175
Binji,2024,1.0,0.0,0.0,1989.475
Bodinga,2024,0.8346492497209705,1.0,0.3307015005580588,3023.875
Dange-Shuni,2024,1.0,0.0,0.0,4895.8
Gada,2024,1.0,0.0,0.0,3083.725
Gwadabawa,2024,1.0,0.0,0.0,3626.175
Goronyo,2024,1.0,0.0,0.0,3735.275
Gudu,2024,0.6285634692171975,1.0,0.742873061565605,1346.125
Illela,2024,1.0,0.0,0.0,3600.5
Isa,2024,1.0,0.0,0.0,2950.2
Kebbe,2024,1.0,0.0,0.0,3204.2
Kware,2024,0.86842711190932,1.0,0.26314577618136004,3800.175
Rabah,2024,1.0,0.0,0.0,2511.975
Sabon Birni,2024,1.0,0.0,0.0,4116.4
Shagari,2024,1.0,0.0,0.0,2935.45
Silame,2024,1.0,0.0,0.0,2183.9
Sokoto North,2024,1.0,0.0,0.0,1713.975
Sokoto South,2024,1.0,0.0,0.0,3999.05
Tambuwal,2024,1.0,0.0,0.0,3768.4
Tangaza,2024,0.43990926530097874,2.0,1.1201814693980425,1785.425
Tureta,2024,1.0,0.0,0.0,2110.475
Wamako,2024,0.1804202395221851,4.0,1.6391595209556298,2440.275
Wurno,2024,0.8510364141485613,1.0,0.29792717170287725,3356.525
Yabo,2024,1.0,0.0,0.0,1623.4
Ardo-Kola,2024,1.0,0.0,0.0,1130.625
Bali,2024,1.0,0.0,0.0,3832.6
Donga,2024,1.0,0.0,0.0,2380.475
Gashaka,2024,1.0,0.0,0.0,1633.575
Gassol,2024,1.0,0.0,0.0,4148.3
Ibi,2024,1.0,0.0,0.0,1354.075
Jalingo,2024,1.0,0.0,0.0,1491.225
Karim-Lamido,2024,1.0,0.0,0.0,2750.2
Kurmi,2024,1.0,0.0,0.0,1496.775
Lau,2024,1.0,0.0,0.0,1566.125
Sardauna,2024,1.0,0.0,0.0,3898.0
Takum,2024,1.0,0.0,0.0,2565.125
Ussa,2024,1.0,0.0,0.0,896.55
Wukari,2024,1.0,0.0,0.0,4316.725
Yorro,2024,0.6570262460665197,2.0,0.6859475078669605,2915.675
Zing,2024,1.0,0.0,0.0,2112.125
Bade,2024,1.0,0.0,0.0,2577.025
Bursari,2024,1.0,0.0,0.0,2133.7
Damaturu,2024,0.37296212691246555,2.0,1.254075746175069,1594.8
Fika,2024,1.0,0.0,0.0,2964.275
Fune,2024,1.0,0.0,0.0,6175.9
Geidam,2024,1.0,0.0,0.0,2784.1
Gujba,2024,0.7978675021476578,1.0,0.4042649957046844,2473.625
Gulani,2024,1.0,0.0,0.0,2342.175
Jakusko,2024,1.0,0.0,0.0,4471.725
Karasuwa,2024,1.0,0.0,0.0,1356.225
Machina,2024,0.550157444894287,1.0,0.899685110211426,1111.5
Nangere,2024,1.0,0.0,0.0,1293.65
Nguru,2024,0.8030080668196637,1.0,0.3939838663606725,2538.175
Potiskum,2024,0.886211055733825,1.0,0.22757788853235017,4394.1
Tarmua,2024,1.0,0.0,0.0,1568.65
Yunusari,2024,0.7842409596962112,1.0,0.43151808060757746,2317.4
Yusufari,2024,1.0,0.0,0.0,1804.475
Anka,2024,0.8339091150677651,1.0,0.33218176986446984,3010.4
Bakura,2024,1.0,0.0,0.0,2379.9
Birnin Magaji,2024,1.0,0.0,0.0,3750.175
Bukkuyum,2024,0.6056756419271946,3.0,0.7886487161456108,3803.975
Bungudu,2024,1.0,0.0,0.0,5134.8
Gummi,2024,1.0,0.0,0.0,3132.425
Gusau,2024,1.0,0.0,0.0,6100.85
Kaura Namoda,2024,1.0,0.0,0.0,5455.725
Maradun,2024,1.0,0.0,0.0,5459.9
Maru,2024,1.0,0.0,0.0,4840.7
Shinkafi,2024,1.0,0.0,0.0,2125.425
Talata Mafara,2024,0.7191957767044816,2.0,0.5616084465910367,3561.2
Tsafe,2024,1.0,0.0,0.0,3942.45
Zurmi,2024,1.0,0.0,0.0,5026.125
