Region,Population,school_age_pop,adm2_name,school_count,area_sqkm,schools_per_1000_children,schools_per_km2,child_pop_density,density_gap,year,density_norm,school_fragility_score
Bale,294101.0,130874.945,Bale,74,4534.61145906,0.5654209411821248,0.016318928461257803,28.86133601116283,0.5654209411821248,2019,0.07244145874929515,0.9275585412507048
Banwa,358717.0,159629.065,Banwa,2,5819.61361387,0.01252896814895114,0.0003436654274148649,27.429495425530124,0.01252896814895114,2019,2.0674327936726564e-05,0.9999793256720633
Mouhoun,408564.0,181810.98,Mouhoun,272,7031.24554018,1.4960510303006436,0.03868446898144263,25.85757800108708,1.4960510303006436,2019,0.19434042698777595,0.805659573012224
Bougouriba,164607.0,73250.115,Bougouriba,28,2750.355624,0.3822467412270789,0.010180501661555314,26.632961338093494,0.3822467412270789,2019,0.04844831018950725,0.9515516898104928
Ioba,243415.0,108319.675,Ioba,43,3293.38776005,0.3969694612778216,0.013056464386491549,32.89004602311253,0.3969694612778216,2019,0.05037677178217877,0.9496232282178212
Noumbiel,105535.0,46963.075,Noumbiel,41,2826.29472669,0.8730077191981318,0.014506625799785903,16.616481839811716,0.8730077191981318,2019,0.11273084045138929,0.8872691595486107
Poni,390516.0,173779.62,Poni,55,7643.15800485,0.31649098731492614,0.007195978411685262,22.73662534383397,0.31649098731492614,2019,0.03983526548854867,0.9601647345114513
Gourma,479728.0,213478.96,Gourma,90,10975.14593882,0.4215852391952856,0.008200346537685895,19.451127227830952,0.4215852391952856,2019,0.05360107966305613,0.9463989203369438
Kompienga,179007.0,79658.115,Kompienga,9,6987.28975197,0.11298142089577569,0.0012880530677094842,11.400431043744987,0.11298142089577569,2019,0.013178480517570052,0.9868215194824299
Houet,1547659.0,688708.255,Houet,588,11391.01114575,0.8537710154628312,0.05161964925470058,60.460677826389265,0.8537710154628312,2019,0.11021111283344437,0.8897888871665556
Kenedougou,463333.0,206183.185,Kenedougou,87,8397.98259975,0.4219528282443195,0.010359630895471242,24.5515137178467,0.4219528282443195,2019,0.05364922846711579,0.9463507715328842
Tuy,364599.0,162246.555,Tuy,27,5548.35488254,0.16641236904925935,0.004866307323809752,29.2422814392371,0.16641236904925935,2019,0.02017715542403329,0.9798228445759667
Kadiogo,3959466.0,1761962.37,Kadiogo,2495,2987.73226943,1.4160339780502929,0.8350815183570637,589.7323491894231,1.4160339780502929,2019,0.18385936020855628,0.8161406397914437
Bam,386191.0,171854.995,Bam,123,3994.79393708,0.7157155035528437,0.030790073765333444,43.01973961781309,0.7157155035528437,2019,0.09212785434198208,0.9078721456580179
Namentenga,467387.0,207987.215,Namentenga,166,6386.31237127,0.7981221436031845,0.025993091215954535,32.56765452558643,0.7981221436031845,2019,0.10292192227035861,0.8970780777296414
Sandbondtenga,842495.0,374910.275,Sandbondtenga,398,9359.34872214,1.0615845042270333,0.042524326405160164,40.057303785799895,1.0615845042270333,2019,0.13743164885801,0.8625683511419899
Oudalan,304364.0,135441.98,Oudalan,113,9710.95520399,0.8342994225319023,0.011636342422171918,13.947338562981953,0.8342994225319023,2019,0.10766061815678057,0.8923393818432195
Seno,376745.0,167651.525,Seno,13,6873.94377353,0.07754133139360711,0.0018911996414722003,24.389423382482125,0.07754133139360711,2019,0.008536345693962836,0.9914636543060371
Yagha,236691.0,105327.495,Yagha,6,6307.09673676,0.05696464190435836,0.0009513093346150645,16.699838197520254,0.05696464190435836,2019,0.005841099486225426,0.9941589005137745
Boulgou,780847.0,347476.915,Boulgou,331,6353.42767782,0.9525785257460176,0.05209786225402873,54.69125212726541,0.9525785257460176,2019,0.12315345555217372,0.8768465444478263
Koulpelogo,389026.0,173116.57,Koulpelogo,40,5304.53927328,0.2310568476671663,0.00754071144340241,32.63555251103936,0.2310568476671663,2019,0.028644639269630113,0.9713553607303699
Kourittenga,473389.0,210658.105,Kourittenga,215,2834.3515859,1.0206062538811222,0.07585509189105431,74.32320889474589,1.0206062538811222,2019,0.13206409573911598,0.8679359042608841
Boulkiemde,666624.0,296647.68,Boulkiemde,1304,4268.39738726,4.395772130184433,0.3055010772642875,69.49860874842916,4.395772130184433,2019,0.5741615980289916,0.4258384019710084
Sanguie,373602.0,166252.89,Sanguie,304,5110.52883833,1.8285286437508317,0.059485037579660734,32.53144542558291,1.8285286437508317,2019,0.23789014509366554,0.7621098549063344
Sissili,321565.0,143096.425,Sissili,91,7104.63506033,0.6359303809974219,0.012808539668436283,20.141277318944145,0.6359303809974219,2019,0.08167716697005457,0.9183228330299454
Ziro,302516.0,134619.62,Ziro,202,5223.09973737,1.5005130714744888,0.03867435242615404,25.77389419482641,1.5005130714744888,2019,0.19492488930173849,0.8050751106982615
Bazega,263308.0,117172.06,Bazega,896,3718.68967279,7.646808916657123,0.2409450851885049,31.508964261621216,7.646808916657123,2019,1.0,0.0
Nahouri,242569.0,107943.205,Nahouri,159,3885.04321715,1.4729831953461514,0.04092618565943254,27.784299676126963,1.4729831953461514,2019,0.19131887705797346,0.8086811229420265
Zoundweogo,352296.0,156771.72,Zoundweogo,26,3982.60777076,0.16584518020737282,0.0065283857955809755,39.36408730756915,0.16584518020737282,2019,0.020102861958314986,0.979897138041685
Bassitenga,298458.0,132813.81,Bassitenga,156,2682.08862335,1.1745678061053584,0.0581636261538412,49.51879995453395,1.1745678061053584,2019,0.15223081351879356,0.8477691864812065
Ganzourgou,446026.0,198481.57,Ganzourgou,210,4301.71491885,1.0580274126841465,0.04881773989247535,46.14010313195304,1.0580274126841465,2019,0.1369657217468219,0.8630342782531781
Kourweogo,170917.0,76058.065,Kourweogo,417,1609.15201597,5.482581201859371,0.2591427011627808,47.26592903912316,5.482581201859371,2019,0.7165177350789771,0.2834822649210229
Gnagna,608118.0,270612.51,Gnagna,63,9248.83679041,0.23280434151273524,0.006811667394252636,29.259085886410563,0.23280434151273524,2019,0.0288735354758335,0.9711264645241665
Komandjari,134528.0,59864.96,Komandjari,19,5093.32900448,0.3173756839445989,0.0037303696626092573,11.753601612490352,0.3173756839445989,2019,0.039951147843548945,0.9600488521564511
Djelgodji,326719.0,145389.95500000002,Djelgodji,81,7758.73839695,0.5571185635309981,0.010439841615466959,18.73886546518356,0.5571185635309981,2019,0.0713539683689259,0.9286460316310741
Karo-Peli,175725.0,78197.625,Karo-Peli,55,4714.86536522,0.7033371750462365,0.01166523235333861,16.585335729168,0.7033371750462365,2019,0.09050647384814739,0.9094935261518526
Kossin,351812.0,156556.34,Kossin,330,7409.9013243,2.107853901963332,0.044535006008487504,21.127992553232765,2.107853901963332,2019,0.2744776799017248,0.7255223200982752
Nayala,204955.0,91204.975,Nayala,128,3700.9667896,1.403416826584004,0.034585557579087114,24.643554018450793,1.403416826584004,2019,0.18220669739028653,0.8177933026097135
Sourou,269508.0,119931.06,Sourou,28,5969.49134415,0.23346551372502064,0.004690516894281039,20.090666538536887,0.23346551372502064,2019,0.028960139392306784,0.9710398606076932
Comoe,881956.0,392470.42,Comoe,207,15283.02291252,0.5274269397756403,0.013544440859957332,25.68015648779041,0.5274269397756403,2019,0.06746479871556608,0.9325352012844339
Leraba,177751.0,79099.195,Leraba,95,3002.21671437,1.2010084172358866,0.031643285291593375,26.346930460214487,1.2010084172358866,2019,0.15569414793500522,0.8443058520649948
Dyamongou,167923.0,74725.735,Dyamongou,67,6100.26647201,0.8966001257782773,0.010983126771169378,12.249585381698635,0.8966001257782773,2019,0.11582110161316463,0.8841788983868354
Gobnangou,389375.0,173271.875,Gobnangou,594,9244.43623858,3.4281187981673416,0.06425486472837005,18.743368500599402,3.4281187981673416,2019,0.4474131249626008,0.5525868750373992
Loroum,196742.0,87550.19,Loroum,527,3760.95391465,6.019335659515308,0.14012402490420928,23.278719172539382,6.019335659515308,2019,0.7868247403549814,0.2131752596450186
Passore,405397.0,180401.665,Passore,76,3971.41245472,0.42127980759042555,0.019136768307626787,45.4250640186198,0.42127980759042555,2019,0.053561072577603806,0.9464389274223962
Yatenga,714222.0,317828.79,Yatenga,1249,6758.85838151,3.9297763749584336,0.18479452142640695,47.0240345425012,3.9297763749584336,2019,0.5131229507407169,0.4868770492592831
Zondoma,235530.0,104810.85,Zondoma,122,1995.03365732,1.1639905220640605,0.0611518505226057,52.535880593010226,1.1639905220640605,2019,0.1508453435813012,0.8491546564186988
Bale,301797.0,132941.57849999997,Bale,74,4534.61145906,0.5566312977749263,0.016318928461257803,29.31708255497551,0.5566312977749263,2020,0.07129014366175426,0.9287098563382458
Banwa,367005.0,161665.70249999998,Banwa,2,5819.61361387,0.012371131278563686,0.0003436654274148649,27.77945637399344,0.012371131278563686,2020,0.0,1.0
Mouhoun,418230.0,184230.31499999997,Mouhoun,272,7031.24554018,1.4764048120700872,0.03868446898144263,26.2016614193342,1.4764048120700872,2020,0.1917670589438078,0.8082329410561921
Bougouriba,172108.0,75813.574,Bougouriba,28,2750.355624,0.36932213059721214,0.010180501661555314,27.565007716980237,0.36932213059721214,2020,0.046755374705165505,0.9532446252948344
Ioba,248104.0,109289.81199999999,Ioba,43,3293.38776005,0.3934456997171913,0.013056464386491549,33.18461716707806,0.3934456997171913,2020,0.04991521041254143,0.9500847895874586
Noumbiel,109118.0,48066.47899999999,Noumbiel,41,2826.29472669,0.8529675542168543,0.014506625799785903,17.00688839917725,0.8529675542168543,2020,0.11010587112887306,0.889894128871127
Poni,404877.0,178348.31849999996,Poni,55,7643.15800485,0.30838357254502213,0.007195978411685262,23.334375448843037,0.30838357254502213,2020,0.03877331240204487,0.9612266875979552
Gourma,496513.0,218713.97649999996,Gourma,90,10975.14593882,0.41149445474759255,0.008200346537685895,19.928115554836545,0.41149445474759255,2020,0.05227933407662684,0.9477206659233731
Kompienga,192157.0,84645.15849999999,Kompienga,9,6987.28975197,0.10632496689143903,0.0012880530677094842,12.11416178585339,0.10632496689143903,2020,0.012306582128786919,0.9876934178712131
Houet,1608960.0,708746.8799999999,Houet,588,11391.01114575,0.8296321112099836,0.05161964925470058,62.219839040754,0.8296321112099836,2020,0.10704926844732882,0.8929507315526712
Kenedougou,481434.0,212071.67699999997,Kenedougou,87,8397.98259975,0.4102367227627348,0.010359630895471242,25.252693070156297,0.4102367227627348,2020,0.052114589530896635,0.9478854104691034
Tuy,378259.0,166623.08949999997,Tuy,27,5548.35488254,0.16204139558103933,0.004866307323809752,30.0310800277651,0.16204139558103933,2020,0.019604621651265988,0.980395378348734
Kadiogo,4224499.0,1860891.8094999997,Kadiogo,2495,2987.73226943,1.3407542805597585,0.8350815183570637,622.84423157334,1.3407542805597585,2020,0.17399881780755463,0.8260011821924453
Bam,396862.0,174817.71099999998,Bam,123,3994.79393708,0.703586013741973,0.030790073765333444,43.76138387948571,0.703586013741973,2020,0.09053906808792404,0.909460931912076
Namentenga,480129.0,211496.8245,Namentenga,166,6386.31237127,0.784878049655778,0.025993091215954535,33.11720633200739,0.784878049655778,2020,0.10118713913115071,0.8988128608688493
Sandbondtenga,864315.0,380730.75749999995,Sandbondtenga,398,9359.34872214,1.0453554035349943,0.042524326405160164,40.67919347842683,1.0453554035349943,2020,0.1353058733722079,0.8646941266277921
Oudalan,315885.0,139147.34249999997,Oudalan,113,9710.95520399,0.8120829754044683,0.011636342422171918,14.328903756329515,0.8120829754044683,2020,0.10475058761465175,0.8952494123853483
Seno,387673.0,170769.95649999997,Seno,13,6873.94377353,0.07612535683138838,0.0018911996414722003,24.843083115924863,0.07612535683138838,2020,0.008350873678599689,0.9916491263214003
Yagha,244550.0,107724.275,Yagha,6,6307.09673676,0.055697235398099475,0.0009513093346150645,17.079851395356705,0.055697235398099475,2020,0.005675087719296599,0.9943249122807034
Boulgou,807031.0,355497.15549999994,Boulgou,331,6353.42767782,0.9310878126342348,0.05209786225402873,55.953600721867154,0.9310878126342348,2020,0.12033848558111157,0.8796615144188884
Koulpelogo,401974.0,177069.547,Koulpelogo,40,5304.53927328,0.22589866399407463,0.00754071144340241,33.38075898352452,0.22589866399407463,2020,0.027968992441651425,0.9720310075583486
Kourittenga,487632.0,214801.89599999998,Kourittenga,215,2834.3515859,1.000917604015916,0.07585509189105431,75.78519795094275,1.000917604015916,2020,0.129485169769883,0.870514830230117
Boulkiemde,678729.0,298980.1245,Boulkiemde,1304,4268.39738726,4.361479348172028,0.3055010772642875,70.04505376944844,4.361479348172028,2020,0.5696697437528219,0.43033025624717813
Sanguie,380408.0,167569.724,Sanguie,304,5110.52883833,1.81415937547659,0.059485037579660734,32.789116214978215,1.81415937547659,2020,0.23600798052854696,0.763992019471453
Sissili,333176.0,146764.028,Sissili,91,7104.63506033,0.6200387193058009,0.012808539668436283,20.657504115796627,0.6200387193058009,2020,0.07959559107168827,0.9204044089283118
Ziro,316299.0,139329.7095,Ziro,202,5223.09973737,1.4497880670018408,0.03867435242615404,26.6756746962211,1.4497880670018408,2020,0.18828065355070567,0.8117193464492943
Bazega,266644.0,117456.68199999999,Bazega,896,3718.68967279,7.628279264016125,0.2409450851885049,31.585502511661975,7.628279264016125,2020,0.9975728857629196,0.002427114237080419
Nahouri,253393.0,111619.61649999999,Nahouri,159,3885.04321715,1.4244680327491295,0.04092618565943254,28.73059841580918,1.4244680327491295,2020,0.18496409836163802,0.8150359016383619
Zoundweogo,360235.0,158683.5175,Zoundweogo,26,3982.60777076,0.16384711255778311,0.0065283857955809755,39.844123909224045,0.16384711255778311,2020,0.019841144238456638,0.9801588557615434
Bassitenga,304833.0,134278.93649999998,Bassitenga,156,2682.08862335,1.1617521132801552,0.0581636261538412,50.065063223855006,1.1617521132801552,2020,0.1505521446782736,0.8494478553217264
Ganzourgou,455591.0,200687.8355,Ganzourgou,210,4301.71491885,1.046396026349956,0.04881773989247535,46.652983585823236,1.046396026349956,2020,0.13544217978326475,0.8645578202167352
Kourweogo,173653.0,76494.14649999999,Kourweogo,417,1609.15201597,5.451326248522187,0.2591427011627808,47.53692984928411,5.451326248522187,2020,0.7124237920518895,0.28757620794811045
Gnagna,625902.0,275709.83099999995,Gnagna,63,9248.83679041,0.22850027244667806,0.006811667394252636,29.810216922184196,0.22850027244667806,2020,0.02830976520393472,0.9716902347960653
Komandjari,140907.0,62069.53349999999,Komandjari,19,5093.32900448,0.3061033783445732,0.0037303696626092573,12.186437091616261,0.3061033783445732,2020,0.03847464021889918,0.9615253597811009
Djelgodji,338144.0,148952.43199999997,Djelgodji,81,7758.73839695,0.5437941168082654,0.010439841615466959,19.198022201464344,0.5437941168082654,2020,0.06960866018811243,0.9303913398118876
Karo-Peli,180848.0,79663.544,Karo-Peli,55,4714.86536522,0.6903949641637314,0.01166523235333861,16.89625001546207,0.6903949641637314,2020,0.08881123298741342,0.9111887670125866
Kossin,358840.0,158069.02,Kossin,330,7409.9013243,2.0876824080872516,0.044535006008487504,21.332135622593125,2.0876824080872516,2020,0.271835508409449,0.728164491590551
Nayala,208622.0,91897.991,Nayala,128,3700.9667896,1.3928335731128973,0.034585557579087114,24.830806711976013,1.3928335731128973,2020,0.1808204455445546,0.8191795544554454
Sourou,273975.0,120685.98749999999,Sourou,28,5969.49134415,0.2320051281419217,0.004690516894281039,20.217130831133577,0.2320051281419217,2020,0.02876885018095243,0.9712311498190476
Comoe,941571.0,414762.02549999993,Comoe,207,15283.02291252,0.4990801669229314,0.013544440859957332,27.13874263449693,0.4990801669229314,2020,0.06375178491551935,0.9362482150844806
Leraba,183427.0,80799.59349999999,Leraba,95,3002.21671437,1.1757339381424226,0.031643285291593375,26.913311458581823,1.1757339381424226,2020,0.15238355980736737,0.8476164401926326
Dyamongou,173952.0,76625.85599999999,Dyamongou,67,6100.26647201,0.8743670756894948,0.010983126771169378,12.56106702085626,0.8743670756894948,2020,0.11290889632525683,0.8870911036747432
Gobnangou,404951.0,178380.91549999997,Gobnangou,594,9244.43623858,3.329933969679791,0.06425486472837005,19.296029622180654,3.329933969679791,2020,0.43455234447715446,0.5654476555228456
Loroum,201650.0,88826.82499999998,Loroum,527,3760.95391465,5.932825665831625,0.14012402490420928,23.618163640345042,5.932825665831625,2020,0.7754931929489148,0.22450680705108517
Passore,412650.0,181772.32499999998,Passore,76,3971.41245472,0.4181031512737086,0.019136768307626787,45.77019563504784,0.4181031512737086,2020,0.05314497693231597,0.946855023067684
Yatenga,731171.0,322080.8255,Yatenga,1249,6758.85838151,3.877896550235493,0.18479452142640695,47.65314011921104,3.877896550235493,2020,0.5063274503801926,0.49367254961980744
Zondoma,242000.0,106600.99999999999,Zondoma,122,1995.03365732,1.1444438190653083,0.0611518505226057,53.43318375049417,1.1444438190653083,2020,0.1482850105812487,0.8517149894187512
